Learn SQL Server Administration in a Month of Lunches: Covers Microsoft SQL Server 2005-2014,$31.57,https://m.media-amazon.com/images/I/61WUMA+qkSL._AC_UL400_.jpg
RAISING ELECTRONICS Cantilever Server Shelf Vented Shelves Rack Mount 19inch 1U 10inch(250mm) Deep,$21.99,https://m.media-amazon.com/images/I/515olrr1CpL._AC_UL400_.jpg
2.5 inch Hard Drive Caddy DXD9H 0DXD9H Compatible for Dell PowerEdge Servers - 14th Generation R440 R640 R740 R740xd R840 R940 R6415 R7415 R7425,$10.99,https://m.media-amazon.com/images/I/61NSk+yF7cL._AC_UL400_.jpg
Acrylic Flower Expandable Collapsible Kindle Mobile Phone Grip & Kicktand. Phone Kindle Paperwhite Accessory,$4.99,https://m.media-amazon.com/images/I/61649l5xbxL._AC_UL400_.jpg
Hospitality Consumer HB46/JULEP-G-001 Juliep 6.5" Dual Purpose Strainer - Gold,$21.12,https://m.media-amazon.com/images/I/71zKOOVQd6L._AC_UL400_.jpg
Delphi TD4523W Bar Bushing Kit,$10.61,https://m.media-amazon.com/images/I/61NzcsG40SL._AC_UL400_.jpg
HP SAS Internal Cable Kit - for ProLiant DL380 Gen9 785989-B21,$7.54,https://m.media-amazon.com/images/I/61KxDjOA7-L._AC_UL400_.jpg
World American 56360 Helical Side Gear "D" Washer,$17.69,https://m.media-amazon.com/images/I/51BxGmsL2SL._AC_UL400_.jpg
HP Ribbon Cable 80WAY for PROLIANT,Null,https://m.media-amazon.com/images/I/71Xe6lVx0RL._AC_UL400_.jpg
412202-001:DL360 MULTIBAY MEDIA,Null,https://m.media-amazon.com/images/I/61zVmbXDL2L._AC_UL400_.jpg
IBM 4849KDF Windows Small Business Server 2011 (CD-ROM),$13.28,https://m.media-amazon.com/images/I/71nL4XUcG6L._AC_UL400_.jpg
Axis Communications 0185-004 Video Server. 241Q,$24.99,https://m.media-amazon.com/images/I/91dwvEcytyL._AC_UL400_.jpg
2.5 inch Hard Drive Caddy DXD9H 0DXD9H Compatible for Dell PowerEdge Servers - 14th Generation R440 R640 R740 R740xd R840 R940 R6415 R7415 R7425,$10.99,https://m.media-amazon.com/images/I/61NSk+yF7cL._AC_UL400_.jpg
HP 452698-B21 PCI-X Riser Kit FORDL160G5/DL165G5 Serial Port Card,$14.56,https://m.media-amazon.com/images/I/41foOQuFW2S._AC_UL400_.jpg
Hospitality Consumer HB46/BFSM-001 Barflow 4.75" - Black + Snap-On Protector,$8.02,https://m.media-amazon.com/images/I/31qV2uP1heL._AC_UL400_.jpg
Hospitality Consumer HB46/PROMEGJIG-MC-001 ProMegJig 1 oz. / 1.5 oz. - Copper,$24.67,https://m.media-amazon.com/images/I/61knPPIWoKL._AC_UL400_.jpg
Hospitality Consumer HB46/X-003-C-001 Long 12" Tweezers - Copper,$17.06,https://m.media-amazon.com/images/I/61noHr7P5IL._AC_UL400_.jpg
Hospitality Consumer HB46/PROMEGJIG-M-001 ProMegJig 1 oz. / 1.5 oz. - Chrome,$15.88,https://m.media-amazon.com/images/I/61VOtZn5fCL._AC_UL400_.jpg
Hospitality Consumer HB46/BARRAY-001 Barray 4.75" Strainer - Chrome,$12.67,https://m.media-amazon.com/images/I/31gi1j6oOPL._AC_UL400_.jpg
Hospitality Consumer HB46/X-003-PB-001 Long 12" Tweezers - Black,$16.21,https://m.media-amazon.com/images/I/612huvMOZBL._AC_UL400_.jpg
Hospitality Consumer HB46/BARSTIK-PB-001 Barstik 9" - Black,$19.30,https://m.media-amazon.com/images/I/71IZ6ViCh8L._AC_UL400_.jpg
Hospitality Consumer HB46/PF006-001 Proflow - Black,$15.02,https://m.media-amazon.com/images/I/518EjLzMDiL._AC_UL400_.jpg
Hospitality Consumer HB46/PF005-001 Proflow - Copper,$14.66,https://m.media-amazon.com/images/I/51h5qOaN9IL._AC_UL400_.jpg
Hospitality Consumer HB46/X-034-G-001 Toby Tin 19.5 oz. - Gold,$14.23,https://m.media-amazon.com/images/I/31QSgvP76xL._AC_UL400_.jpg
Hospitality Consumer HB46/BARRAY-PB-001 Barray 4.75" Strainer - Black,$17.56,https://m.media-amazon.com/images/I/41utHFWWLeL._AC_UL400_.jpg
Panduit S8519B,$7.63,https://m.media-amazon.com/images/I/11SnuI1xOrL._AC_UL400_.jpg
Panduit S6822BT,$12.12,https://m.media-amazon.com/images/I/21vMQbM8ErL._AC_UL400_.jpg
Panduit S7229B,$9.29,https://m.media-amazon.com/images/I/212xIwWF+7L._AC_UL400_.jpg
Panduit S7222BS,$16.72,https://m.media-amazon.com/images/I/21bPBlLWXUL._AC_UL400_.jpg
Panduit S8529BA,$11.51,https://m.media-amazon.com/images/I/21edpYBxIQL._AC_UL400_.jpg
Panduit N8222BE,$7.41,https://m.media-amazon.com/images/I/21qdQPBxv-L._AC_UL400_.jpg
Panduit S8522B,$18.62,https://m.media-amazon.com/images/I/11Wd9JON6zL._AC_UL400_.jpg
Panduit N8829WS,$15.44,https://m.media-amazon.com/images/I/11DKo5k1qjL._AC_UL400_.jpg
Panduit N8219BT,$8.77,https://m.media-amazon.com/images/I/210pESRJ-JL._AC_UL400_.jpg
Panduit S7519B9,$16.63,https://m.media-amazon.com/images/I/416FthrW9TL._AC_UL400_.jpg
2.5 inch Hard Drive Caddy DXD9H 0DXD9H Compatible for Dell PowerEdge Servers - 14th Generation R440 R640 R740 R740xd R840 R940 R6415 R7415 R7425,$10.99,https://m.media-amazon.com/images/I/61NSk+yF7cL._AC_UL400_.jpg
